{"train/global_step": 4, "_timestamp": 1699219694.523464, "global_step": 720, "train/epoch_loss": 0.2811727523803711, "train/epoch_accuracy": 0.8728702664375305, "train/epoch_duration": 72.55136108398438, "train/epoch_total_duration": 403.5999450683594, "_runtime": 431.3940498828888, "_step": 9, "validation/global_step": 4, "validation/evaluation_loss_vs_iterations": 0.9783533215522766, "validation/evaluation_accuracy_vs_iterations": 0.6625874042510986, "validation/epoch_loss": 0.9783533215522766, "validation/epoch_accuracy": 0.6625874042510986, "train/conv2d/kernel_0": {"_type": "histogram", "values": [3.0, 2.0, 5.0, 8.0, 13.0, 19.0, 14.0, 20.0, 19.0, 13.0, 18.0, 23.0, 21.0, 20.0, 18.0, 20.0, 14.0, 11.0, 27.0, 17.0, 21.0, 17.0, 12.0, 24.0, 17.0, 17.0, 8.0, 8.0, 1.0, 2.0], "bins": [-0.25125059485435486, -0.2343365341424942, -0.21742247343063353, -0.2005084127187729, -0.18359435200691224, -0.16668029129505157, -0.14976623058319094, -0.13285216987133028, -0.11593810915946962, -0.09902404844760895, -0.08210998773574829, -0.06519592702388766, -0.048281866312026994, -0.03136780560016633, -0.014453744888305697, 0.0024603158235549927, 0.019374376535415627, 0.03628843724727626, 0.05320249795913695, 0.07011655867099759, 0.08703061938285828, 0.10394468009471891, 0.12085874080657955, 0.13777280151844024, 0.15468686223030087, 0.1716009229421615, 0.1885149836540222, 0.20542904436588283, 0.22234310507774346, 0.23925716578960415, 0.25617122650146484]}, "train/conv2d/bias_0": {"_type": "histogram", "values": [1.0, 0.0, 0.0, 0.0, 0.0, 0.0, 0.0, 0.0, 2.0, 0.0, 0.0, 0.0, 0.0, 0.0, 0.0, 1.0, 0.0, 0.0, 1.0, 2.0, 0.0, 0.0, 1.0, 3.0, 1.0, 0.0, 0.0, 1.0, 1.0, 2.0], "bins": [-0.030472708866000175, -0.02923434319285055, -0.027995977519700926, -0.0267576118465513, -0.025519246173401674, -0.02428088050025205, -0.02304251482710242, -0.021804149153952797, -0.020565783480803172, -0.019327417807653548, -0.018089052134503923, -0.016850686461354295, -0.01561232078820467, -0.014373955115055046, -0.013135589441905418, -0.011897223768755794, -0.010658858095606169, -0.009420492422456545, -0.00818212674930692, -0.006943761076157292, -0.005705395403007667, -0.004467029729858043, -0.003228664056708415, -0.0019902983835587904, -0.0007519327104091658, 0.0004864329627404587, 0.0017247986358900833, 0.002963164309039708, 0.004201529982189339, 0.005439895655338964, 0.006678261328488588]}, "train/conv2d_1/kernel_0": {"_type": "histogram", "values": [3.0, 0.0, 14.0, 33.0, 83.0, 181.0, 201.0, 283.0, 269.0, 291.0, 305.0, 312.0, 293.0, 335.0, 317.0, 329.0, 320.0, 268.0, 265.0, 187.0, 106.0, 67.0, 49.0, 38.0, 26.0, 12.0, 7.0, 5.0, 4.0, 5.0], "bins": [-0.21814873814582825, -0.20091656347115835, -0.18368438879648843, -0.16645221412181854, -0.14922003944714862, -0.13198786477247873, -0.11475569009780884, -0.09752351542313893, -0.08029134074846903, -0.06305916607379913, -0.04582699139912921, -0.02859481672445932, -0.011362642049789429, 0.005869532624880491, 0.023101707299550384, 0.040333881974220276, 0.057566056648890196, 0.07479823132356012, 0.09203040599822998, 0.1092625806728999, 0.12649475534756982, 0.14372693002223969, 0.1609591046969096, 0.17819127937157953, 0.1954234540462494, 0.2126556287209193, 0.22988780339558923, 0.24711997807025915, 0.264352152744929, 0.28158432741959893, 0.2988165020942688]}, "train/conv2d_1/bias_0": {"_type": "histogram", "values": [1.0, 0.0, 0.0, 0.0, 0.0, 0.0, 0.0, 0.0, 0.0, 1.0, 0.0, 0.0, 0.0, 0.0, 1.0, 0.0, 0.0, 2.0, 3.0, 6.0, 6.0, 1.0, 2.0, 1.0, 3.0, 1.0, 2.0, 0.0, 1.0, 1.0], "bins": [-0.06770697236061096, -0.06510464937115709, -0.06250232638170322, -0.059900003392249344, -0.057297680402795474, -0.054695357413341604, -0.05209303442388773, -0.04949071143443386, -0.046888388444979986, -0.044286065455526116, -0.041683742466072246, -0.03908141947661837, -0.0364790964871645, -0.03387677349771063, -0.03127445050825675, -0.02867212751880288, -0.02606980452934901, -0.02346748153989514, -0.02086515855044127, -0.018262835560987394, -0.015660512571533523, -0.013058189582079653, -0.010455866592625776, -0.007853543603171906, -0.005251220613718036, -0.0026488976242641654, -4.6574634810295223e-05, 0.002555748354643575, 0.005158071344097459, 0.007760394333551329, 0.0103627173230052]}, "train/conv2d_2/kernel_0": {"_type": "histogram", "values": [2.0, 3.0, 9.0, 27.0, 59.0, 169.0, 371.0, 693.0, 1159.0, 1351.0, 1473.0, 1583.0, 1588.0, 1554.0, 1533.0, 1503.0, 1539.0, 1400.0, 1049.0, 565.0, 337.0, 189.0, 119.0, 58.0, 37.0, 26.0, 20.0, 11.0, 2.0, 3.0], "bins": [-0.21236947178840637, -0.19721503257751466, -0.18206059336662292, -0.1669061541557312, -0.15175171494483947, -0.13659727573394775, -0.12144283652305604, -0.10628839731216431, -0.09113395810127259, -0.07597951889038088, -0.060825079679489136, -0.04567064046859742, -0.03051620125770571, -0.01536176204681397, -0.00020732283592225786, 0.014947116374969482, 0.030101555585861195, 0.04525599479675291, 0.06041043400764462, 0.07556487321853639, 0.0907193124294281, 0.10587375164031981, 0.12102819085121153, 0.13618263006210324, 0.15133706927299495, 0.16649150848388672, 0.18164594769477843, 0.19680038690567014, 0.21195482611656186, 0.22710926532745357, 0.24226370453834534]}, "train/conv2d_2/bias_0": {"_type": "histogram", "values": [1.0, 2.0, 1.0, 1.0, 5.0, 4.0, 3.0, 1.0, 5.0, 1.0, 3.0, 7.0, 3.0, 5.0, 5.0, 6.0, 2.0, 3.0, 0.0, 1.0, 0.0, 0.0, 1.0, 1.0, 0.0, 0.0, 1.0, 0.0, 1.0, 1.0], "bins": [-0.03240472078323364, -0.030552356131374837, -0.02869999147951603, -0.026847626827657223, -0.024995262175798415, -0.02314289752393961, -0.021290532872080804, -0.019438168220222, -0.01758580356836319, -0.015733438916504385, -0.013881074264645576, -0.012028709612786771, -0.010176344960927966, -0.008323980309069157, -0.006471615657210352, -0.004619251005351543, -0.002766886353492738, -0.000914521701633933, 0.0009378429502248722, 0.0027902076020836844, 0.00464257225394249, 0.006494936905801295, 0.0083473015576601, 0.010199666209518905, 0.01205203086137771, 0.013904395513236523, 0.015756760165095328, 0.017609124816954133, 0.01946148946881294, 0.021313854120671744, 0.023166218772530556]}, "train/dense/kernel_0": {"_type": "histogram", "values": [1.0, 3.0, 9.0, 36.0, 176.0, 649.0, 2069.0, 6437.0, 19704.0, 55171.0, 140977.0, 333558.0, 1445571.0, 4439324.0, 1269188.0, 350984.0, 175803.0, 84504.0, 38014.0, 16106.0, 6548.0, 2444.0, 913.0, 279.0, 95.0, 29.0, 11.0, 2.0, 2.0, 1.0], "bins": [-0.2142336517572403, -0.19852782835563024, -0.18282200495402018, -0.16711618155241015, -0.15141035815080006, -0.13570453474919003, -0.11999871134757997, -0.10429288794596991, -0.08858706454435986, -0.0728812411427498, -0.05717541774113974, -0.04146959433952968, -0.02576377093791965, -0.010057947536309592, 0.005647875865300467, 0.021353699266910525, 0.037059522668520584, 0.052765346070130614, 0.0684711694717407, 0.08417699287335073, 0.09988281627496082, 0.11558863967657085, 0.13129446307818093, 0.14700028647979096, 0.162706109881401, 0.17841193328301108, 0.1941177566846211, 0.2098235800862312, 0.22552940348784123, 0.24123522688945132, 0.2569410502910614]}, "train/dense/bias_0": {"_type": "histogram", "values": [1.0, 0.0, 0.0, 1.0, 2.0, 1.0, 2.0, 1.0, 3.0, 2.0, 7.0, 14.0, 41.0, 3.0, 1.0, 5.0, 1.0, 6.0, 2.0, 3.0, 7.0, 7.0, 5.0, 4.0, 1.0, 4.0, 2.0, 1.0, 0.0, 1.0], "bins": [-0.037057243287563324, -0.03453488138814767, -0.032012519488732016, -0.02949015758931637, -0.026967795689900716, -0.024445433790485062, -0.02192307189106941, -0.01940070999165376, -0.016878348092238107, -0.014355986192822454, -0.011833624293406803, -0.009311262393991153, -0.006788900494575499, -0.004266538595159845, -0.0017441766957441984, 0.0007781852036714554, 0.003300547103087109, 0.005822909002502763, 0.008345270901918417, 0.010867632801334064, 0.013389994700749717, 0.01591235660016537, 0.018434718499581018, 0.020957080398996672, 0.023479442298412326, 0.02600180419782798, 0.028524166097243633, 0.031046527996659287, 0.03356888989607493, 0.03609125179549058, 0.038613613694906235]},