{"train/global_step": 9, "_timestamp": 1699209309.097157, "global_step": 1440, "_runtime": 761.9422359466553, "_step": 19, "validation/global_step": 9, "validation/evaluation_loss_vs_iterations": 1.43988037109375, "validation/evaluation_accuracy_vs_iterations": 0.7167832255363464, "validation/epoch_loss": 1.43988037109375, "validation/epoch_accuracy": 0.7167832255363464, "train/epoch_loss": 0.08478277176618576, "train/epoch_accuracy": 0.9750983119010925, "train/epoch_duration": 69.58538818359375, "train/conv2d/kernel_0": {"_type": "histogram", "values": [1.0, 1.0, 1.0, 1.0, 4.0, 2.0, 2.0, 2.0, 5.0, 8.0, 17.0, 39.0, 29.0, 25.0, 30.0, 24.0, 29.0, 36.0, 27.0, 27.0, 18.0, 26.0, 27.0, 16.0, 18.0, 11.0, 4.0, 1.0, 0.0, 1.0], "bins": [-0.5057279467582703, -0.47670265038808185, -0.4476773540178935, -0.4186520576477051, -0.38962676127751666, -0.36060146490732825, -0.3315761685371399, -0.3025508721669515, -0.27352557579676307, -0.2445002794265747, -0.2154749830563863, -0.18644968668619788, -0.15742439031600952, -0.1283990939458211, -0.0993737975756327, -0.07034850120544434, -0.04132320483525592, -0.012297908465067509, 0.01672738790512085, 0.04575268427530932, 0.07477798064549768, 0.10380327701568604, 0.1328285733858745, 0.16185386975606286, 0.19087916612625122, 0.2199044624964397, 0.24892975886662805, 0.2779550552368164, 0.3069803516070049, 0.33600564797719323, 0.3650309443473816]}, "train/conv2d/bias_0": {"_type": "histogram", "values": [1.0, 0.0, 0.0, 0.0, 0.0, 0.0, 0.0, 0.0, 0.0, 0.0, 0.0, 0.0, 0.0, 0.0, 1.0, 1.0, 6.0, 3.0, 1.0, 1.0, 1.0, 0.0, 0.0, 0.0, 0.0, 0.0, 0.0, 0.0, 0.0, 1.0], "bins": [-0.10928017646074295, -0.10325250178575515, -0.09722482711076737, -0.09119715243577957, -0.08516947776079178, -0.07914180308580399, -0.07311412841081619, -0.06708645373582839, -0.061058779060840604, -0.05503110438585281, -0.04900342971086502, -0.04297575503587722, -0.036948080360889424, -0.03092040568590164, -0.02489273101091384, -0.018865056335926056, -0.012837381660938257, -0.006809706985950459, -0.0007820323109626742, 0.005245642364025124, 0.011273317039012909, 0.017300991714000707, 0.023328666388988506, 0.029356341063976304, 0.0353840157389641, 0.041411690413951874, 0.04743936508893967, 0.05346703976392747, 0.05949471443891527, 0.06552238911390307, 0.07155006378889084]}, "train/conv2d_1/kernel_0": {"_type": "histogram", "values": [4.0, 11.0, 10.0, 31.0, 60.0, 130.0, 224.0, 271.0, 356.0, 376.0, 400.0, 409.0, 408.0, 372.0, 407.0, 358.0, 272.0, 202.0, 106.0, 67.0, 51.0, 26.0, 21.0, 15.0, 11.0, 6.0, 3.0, 0.0, 0.0, 1.0], "bins": [-0.2841818034648895, -0.2602147360642751, -0.23624766866366068, -0.21228060126304626, -0.18831353386243183, -0.16434646646181741, -0.140379399061203, -0.11641233166058856, -0.09244526425997415, -0.06847819685935974, -0.0445111294587453, -0.020544062058130863, 0.0034230053424835205, 0.02739007274309796, 0.0513571401437124, 0.07532420754432678, 0.09929127494494122, 0.12325834234555566, 0.14722540974617004, 0.17119247714678448, 0.19515954454739892, 0.2191266119480133, 0.2430936793486278, 0.2670607467492422, 0.29102781414985657, 0.31499488155047106, 0.33896194895108545, 0.36292901635169983, 0.3868960837523143, 0.4108631511529287, 0.4348302185535431]}, "train/conv2d_1/bias_0": {"_type": "histogram", "values": [3.0, 0.0, 1.0, 0.0, 2.0, 5.0, 3.0, 3.0, 2.0, 2.0, 2.0, 1.0, 1.0, 1.0, 0.0, 0.0, 2.0, 0.0, 0.0, 1.0, 0.0, 0.0, 0.0, 0.0, 0.0, 1.0, 0.0, 1.0, 0.0, 1.0], "bins": [-0.04764331504702568, -0.0435757216066122, -0.03950812816619873, -0.035440534725785254, -0.03137294128537178, -0.027305347844958305, -0.023237754404544828, -0.019170160964131353, -0.015102567523717879, -0.011034974083304401, -0.00696738064289093, -0.0028997872024774524, 0.0011678062379360254, 0.005235399678349496, 0.009302993118762974, 0.013370586559176445, 0.017438179999589923, 0.0215057734400034, 0.02557336688041688, 0.029640960320830342, 0.03370855376124382, 0.0377761472016573, 0.041843740642070776, 0.045911334082484254, 0.04997892752289773, 0.054046520963311195, 0.05811411440372467, 0.06218170784413815, 0.06624930128455163, 0.0703168947249651, 0.07438448816537857]}, "train/conv2d_2/kernel_0": {"_type": "histogram", "values": [1.0, 1.0, 8.0, 18.0, 46.0, 135.0, 276.0, 599.0, 1145.0, 1645.0, 1937.0, 2058.0, 2102.0, 2115.0, 1917.0, 1621.0, 1111.0, 758.0, 408.0, 241.0, 143.0, 67.0, 37.0, 26.0, 5.0, 6.0, 4.0, 0.0, 1.0, 1.0], "bins": [-0.3043757975101471, -0.2814778755108515, -0.258579953511556, -0.23568203151226041, -0.2127841095129649, -0.1898861875136693, -0.16698826551437376, -0.1440903435150782, -0.12119242151578266, -0.09829449951648711, -0.07539657751719156, -0.05249865551789601, -0.02960073351860043, -0.006702811519304908, 0.01619511047999067, 0.039093032479286194, 0.06199095447858177, 0.08488887647787735, 0.10778679847717287, 0.13068472047646845, 0.15358264247576398, 0.17648056447505955, 0.19937848647435508, 0.2222764084736506, 0.24517433047294623, 0.26807225247224176, 0.2909701744715373, 0.3138680964708329, 0.33676601847012844, 0.35966394046942396, 0.3825618624687195]}, "train/conv2d_2/bias_0": {"_type": "histogram", "values": [1.0, 0.0, 0.0, 0.0, 1.0, 0.0, 1.0, 1.0, 2.0, 1.0, 0.0, 0.0, 3.0, 2.0, 1.0, 2.0, 4.0, 8.0, 8.0, 2.0, 5.0, 4.0, 2.0, 3.0, 3.0, 2.0, 3.0, 2.0, 2.0, 1.0], "bins": [-0.0523211844265461, -0.0505412580872265, -0.0487613317479069, -0.04698140540858731, -0.04520147906926771, -0.04342155272994811, -0.04164162639062852, -0.039861700051308915, -0.03808177371198932, -0.03630184737266973, -0.034521921033350125, -0.03274199469403053, -0.030962068354710937, -0.02918214201539134, -0.02740221567607174, -0.025622289336752146, -0.02384236299743255, -0.02206243665811295, -0.020282510318793356, -0.018502583979473755, -0.01672265764015416, -0.014942731300834566, -0.013162804961514965, -0.01138287862219537, -0.009602952282875776, -0.007823025943556175, -0.006043099604236581, -0.004263173264916986, -0.002483246925597385, -0.0007033205862777905, 0.0010766057530418038]}, "train/dense/kernel_0": {"_type": "histogram", "values": [3.0, 6.0, 22.0, 89.0, 264.0, 872.0, 2805.0, 8166.0, 23232.0, 60175.0, 139695.0, 292718.0, 597328.0, 5024630.0, 1462839.0, 373985.0, 208288.0, 106990.0, 50114.0, 22120.0, 8991.0, 3415.0, 1220.0, 442.0, 134.0, 43.0, 14.0, 4.0, 3.0, 1.0], "bins": [-0.2825295329093933, -0.2620649109284083, -0.2416002889474233, -0.22113566696643827, -0.2006710449854533, -0.18020642300446826, -0.15974180102348326, -0.13927717904249826, -0.11881255706151325, -0.09834793508052825, -0.07788331309954324, -0.05741869111855824, -0.03695406913757321, -0.016489447156588233, 0.003975174824396799, 0.024439796805381775, 0.044904418786366807, 0.06536904076735184, 0.08583366274833681, 0.10629828472932185, 0.12676290671030682, 0.14722752869129185, 0.16769215067227683, 0.18815677265326186, 0.2086213946342469, 0.22908601661523187, 0.24955063859621684, 0.27001526057720193, 0.2904798825581869, 0.3109445045391719, 0.33140912652015686]}, "train/dense/bias_0": {"_type": "histogram", "values": [1.0, 1.0, 0.0, 0.0, 0.0, 0.0, 1.0, 4.0, 5.0, 10.0, 8.0, 44.0, 20.0, 0.0, 1.0, 1.0, 2.0, 1.0, 1.0, 4.0, 1.0, 2.0, 4.0, 5.0, 3.0, 2.0, 4.0, 1.0, 1.0, 1.0], "bins": [-0.050886303186416626, -0.0470557967821757, -0.04322529037793477, -0.03939478397369385, -0.03556427756945292, -0.031733771165212, -0.02790326476097107, -0.024072758356730145, -0.02024225195248922, -0.016411745548248292, -0.01258123914400737, -0.00875073273976644, -0.004920226335525517, -0.001089719931284587, 0.002740786472956336, 0.006571292877197266, 0.010401799281438188, 0.014232305685679111, 0.01806281208992004, 0.02189331849416097, 0.025723824898401887, 0.029554331302642817, 0.033384837706883747, 0.037215344111124676, 0.04104585051536559, 0.04487635691960652, 0.04870686332384745, 0.05253736972808837, 0.0563678761323293, 0.06019838253657023, 0.06402888894081116]}, "train/dense_1/kernel_0": {"_type": "histogram",